{
	"info": {
		"_postman_id": "e71172bb-fbc7-7b1e-bc1e-b7ea8c5c8363",
		"name": "keystore",
		"schema": "https://schema.getpostman.com/json/collection/v2.1.0/collection.json"
	},
	"item": [
		{
			"name": "Authenticate Device",
			"request": {
				"method": "GET",
				"header": [
					{
						"key": "Content-Type",
						"value": "application/json"
					},
					{
						"key": "UUID",
						"value": "",
						"disabled": true
					}
				],
				"url": {
					"raw": "http://{{URL}}:3002/keystore/authenticate/?UUID=sldkjflsj&challenge=klsdjsjldf&response=skjhd/js////djf",
					"protocol": "http",
					"host": [
						"{{URL}}"
					],
					"port": "3002",
					"path": [
						"keystore",
						"authenticate",
						""
					],
					"query": [
						{
							"key": "UUID",
							"value": "sldkjflsj"
						},
						{
							"key": "challenge",
							"value": "klsdjsjldf"
						},
						{
							"key": "response",
							"value": "skjhd/js////djf"
						}
					]
				}
			},
			"response": []
		},
		{
			"name": "Add Device Record(s)",
			"request": {
				"method": "POST",
				"header": [
					{
						"key": "Content-Type",
						"value": "application/json"
					},
					{
						"key": "UUID",
						"value": "",
						"disabled": true
					}
				],
				"body": {
					"mode": "raw",
					"raw": "{\n        \"deviceUuid\": \"793DC3657BCDD28116D28589BC6C9DEG\",\n        \"typeOfDevice\": \"Gateway\",\n        \"hwRevision\": \"1.0\",\n        \"swRevision\": \"1.0\",\n        \"odmId\": \"\",\n        \"ownerName\": \"Intel\",\n        \"gvaId\": \"\",\n        \"dateOfManufacture\": \"\",\n        \"signedEcdsaPublicKeyCertificate\": \"-----BEGIN CERTIFICATE-----\\nMIICGjCCAcACCQDUuIvC4ecIBzAKBggqhkjOPQQDAjCBmTELMAkGA1UEBhMCVVMx\\nDzANBgNVBAgTBk9yZWdvbjESMBAGA1UEBxMJSGlsbHNib3JvMRQwEgYDVQQKEwtP\\nRE1DZXJ0QXV0aDEXMBUGA1UECxMOT2RtQ2VydEJ1aWxkZXIxEzARBgNVBAMTCk9E\\nTUNvbXBhbnkxITAfBgkqhkiG9w0BCQEWEm9kbUBPZG1Db21wYW55LmNvbTAeFw0x\\nODA1MDEyMjU5NTNaFw0yMTA4MTMyMjU5NTNaMIGPMQswCQYDVQQGEwJVUzEPMA0G\\nA1UECBMGT3JlZ29uMRIwEAYDVQQHEwlIaWxsc2Jvcm8xEjAQBgNVBAoTCUd3Q29t\\ncGFueTESMBAGA1UECxMJR3dCdWlsZGVyMRIwEAYDVQQDEwlNeUdhdGV3YXkxHzAd\\nBgkqhkiG9w0BCQEWEGd3QEd3Q29tcGFueS5jb20wWTATBgcqhkjOPQIBBggqhkjO\\nPQMBBwNCAATXgygM5ow/qNd8vtG/CMKrX1Mpa4AiFiamKekBlXfb9xy//y72ScGf\\nfCDdgQPldB4hhageFdHeO/oBt0pi5BdTMAoGCCqGSM49BAMCA0gAMEUCIFhnoHWu\\nEZwtTpxMjv7sk+EPCPHggNse9fMfRY3zY7IUAiEA95D7/brMOfo/q1FT0ow5S/up\\nSUgFDTA+kDuL0iR0ZSE=\\n-----END CERTIFICATE-----\",\n        \"deviceEcdhPublicKey\": \"-----BEGIN PUBLIC KEY-----\\nMFkwEwYHKoZIzj0CAQYIKoZIzj0DAQcDQgAEL9BguQnkUw7CBHcDLfakRwQWCHJU\\nFeF5/nsoylg5WkBlMlM5MOK6OyaBQ/yJ0LWyGK5ynlNYcFLISzSoZABBRg==\\n-----END PUBLIC KEY-----\",\n        \"creationDate\": \"{{$timestamp}}\"\n}"
				},
				"url": {
					"raw": "http://{{URL}}:3002/keystore/",
					"protocol": "http",
					"host": [
						"{{URL}}"
					],
					"port": "3002",
					"path": [
						"keystore",
						""
					]
				}
			},
			"response": []
		},
		{
			"name": "Remove One Device Record(s)",
			"request": {
				"method": "DELETE",
				"header": [
					{
						"key": "Content-Type",
						"value": "application/json"
					},
					{
						"key": "UUID",
						"value": "",
						"disabled": true
					}
				],
				"body": {
					"mode": "raw",
					"raw": ""
				},
				"url": {
					"raw": "http://{{URL}}:3002/keystore/?UUID=sldkjflsj",
					"protocol": "http",
					"host": [
						"{{URL}}"
					],
					"port": "3002",
					"path": [
						"keystore",
						""
					],
					"query": [
						{
							"key": "UUID",
							"value": "sldkjflsj"
						}
					]
				}
			},
			"response": []
		},
		{
			"name": "Remove All Device Record(s)",
			"request": {
				"method": "DELETE",
				"header": [
					{
						"key": "Content-Type",
						"value": "application/json"
					},
					{
						"key": "UUID",
						"value": "",
						"disabled": true
					}
				],
				"body": {
					"mode": "raw",
					"raw": ""
				},
				"url": {
					"raw": "http://{{URL}}:3002/keystore/all/?password=IwantToDeleteAll",
					"protocol": "http",
					"host": [
						"{{URL}}"
					],
					"port": "3002",
					"path": [
						"keystore",
						"all",
						""
					],
					"query": [
						{
							"key": "password",
							"value": "IwantToDeleteAll"
						}
					]
				}
			},
			"response": []
		},
		{
			"name": "Register Gateway",
			"request": {
				"method": "POST",
				"header": [
					{
						"key": "Content-Type",
						"value": "application/json",
						"type": "text"
					}
				],
				"body": {
					"mode": "raw",
					"raw": "{\n\t\"deviceUuid\": \"test001\"\n}"
				},
				"url": {
					"raw": "http://{{URL}}:3002/keystore/register/",
					"protocol": "http",
					"host": [
						"{{URL}}"
					],
					"port": "3002",
					"path": [
						"keystore",
						"register",
						""
					]
				}
			},
			"response": []
		},
		{
			"name": "UpdateDeviceRecord",
			"request": {
				"method": "POST",
				"header": [
					{
						"key": "Content-Type",
						"name": "Content-Type",
						"value": "application/json",
						"type": "text"
					}
				],
				"body": {
					"mode": "raw",
					"raw": "{\n      \"deviceId\": \"simulated001\",\n      \"shipmentId\": \"321\",\n      \"gvaId\": \"gva.ind.com\",\n      \"connectionString\": \"connnectionString\"\n    }"
				},
				"url": {
					"raw": "http://{{URL}}:3002/keystore/updateDeviceRecord",
					"protocol": "http",
					"host": [
						"{{URL}}"
					],
					"port": "3002",
					"path": [
						"keystore",
						"updateDeviceRecord"
					]
				}
			},
			"response": []
		}
	]
}